model,cv_mean_auc,cv_std_auc
LinearSVM,0.8564158240787559,0.008365001015610753
XGBoost,0.8563345148653525,0.006586163943727041
Logistic_L1,0.850496653143883,0.008298116453104696
Logistic_L2,0.8503670023914959,0.008213154849062536
NaiveBayes,0.8453225280847468,0.010226897456659013
RandomForest,0.8259881503490766,0.006599367266099712
KNN,0.7379531250896779,0.004062810560141727
DecisionTree,0.609472360832043,0.0042884951128636115
