threshold,auc,ap,f1,f_beta,recall,precision,bal_acc,model,train_time_sec
0.5,0.8559553359900542,0.37802641617461785,0.3305707289508382,0.49756180539804945,0.750213736107153,0.21199065872121114,0.7752364836972662,logit_elastic,210.82004141807556
0.5,0.8559315422094469,0.387152016262294,0.21104790467963033,0.39281596990473877,0.9224850384724993,0.11915410523990945,0.7170190904432061,lgbm_cs,15.401671648025513
0.5,0.8637769449386598,0.39316342923266895,0.3378581258601276,0.5092784671670502,0.7695924764890282,0.21643824637332693,0.785017707493968,xgb_cs,7.278991937637329
0.5,0.8624879208916413,0.388015666565402,0.3354938750193828,0.5074204018837126,0.7707324023938444,0.21441312879058153,0.7842353812504015,hgb_cs,5.184441804885864
0.5,0.8599525137130503,0.3783528132308427,0.3199747191818208,0.4984515690170596,0.7935309204901682,0.20038861501925084,0.783367080950928,brf,36.38717818260193
