{"baseline::Logistic_L2": {"auc": 0.8489768868078321, "ap": 0.3727119503250388, "accuracy": 0.93678, "recall": 0.1625772990225414, "f1": 0.25582672839990583, "cm": [[138887, 1087], [8396, 1630]], "report": "              precision    recall  f1-score   support\n\n           0     0.9430    0.9922    0.9670    139974\n           1     0.5999    0.1626    0.2558     10026\n\n    accuracy                         0.9368    150000\n   macro avg     0.7715    0.5774    0.6114    150000\nweighted avg     0.9201    0.9368    0.9195    150000\n", "report_dict": {"0": {"precision": 0.9429940997942736, "recall": 0.9922342720791004, "f1-score": 0.9669877496457876, "support": 139974.0}, "1": {"precision": 0.5999263894000736, "recall": 0.1625772990225414, "f1-score": 0.25582672839990583, "support": 10026.0}, "accuracy": 0.93678, "macro avg": {"precision": 0.7714602445971737, "recall": 0.5774057855508209, "f1-score": 0.6114072390228467, "support": 150000.0}, "weighted avg": {"precision": 0.9200634540315252, "recall": 0.93678, "f1-score": 0.9194537469857128, "support": 150000.0}}}, "baseline::Logistic_L1": {"auc": 0.8490429338119563, "ap": 0.3726635695729585, "accuracy": 0.9368066666666667, "recall": 0.1632754837422701, "f1": 0.2567239081000549, "cm": [[138884, 1090], [8389, 1637]], "report": "              precision    recall  f1-score   support\n\n           0     0.9430    0.9922    0.9670    139974\n           1     0.6003    0.1633    0.2567     10026\n\n    accuracy                         0.9368    150000\n   macro avg     0.7717    0.5777    0.6119    150000\nweighted avg     0.9201    0.9368    0.9195    150000\n", "report_dict": {"0": {"precision": 0.9430377598066176, "recall": 0.9922128395273407, "f1-score": 0.9670005256799897, "support": 139974.0}, "1": {"precision": 0.6002933626696003, "recall": 0.1632754837422701, "f1-score": 0.2567239081000549, "support": 10026.0}, "accuracy": 0.9368066666666667, "macro avg": {"precision": 0.7716655612381089, "recall": 0.5777441616348055, "f1-score": 0.6118622168900223, "support": 150000.0}, "weighted avg": {"precision": 0.9201287243019796, "recall": 0.9368066666666667, "f1-score": 0.919525636560947, "support": 150000.0}}}, "baseline::RandomForest": {"auc": 0.8398581544158477, "ap": 0.3450690669660132, "accuracy": 0.93418, "recall": 0.17803710353081986, "f1": 0.2655657219370676, "cm": [[138342, 1632], [8241, 1785]], "report": "              precision    recall  f1-score   support\n\n           0     0.9438    0.9883    0.9655    139974\n           1     0.5224    0.1780    0.2656     10026\n\n    accuracy                         0.9342    150000\n   macro avg     0.7331    0.5832    0.6156    150000\nweighted avg     0.9156    0.9342    0.9188    150000\n", "report_dict": {"0": {"precision": 0.943779292278095, "recall": 0.9883406918427708, "f1-score": 0.9655461217140046, "support": 139974.0}, "1": {"precision": 0.5223880597014925, "recall": 0.17803710353081986, "f1-score": 0.2655657219370676, "support": 10026.0}, "accuracy": 0.93418, "macro avg": {"precision": 0.7330836759897937, "recall": 0.5831888976867954, "f1-score": 0.6155559218255361, "support": 150000.0}, "weighted avg": {"precision": 0.9156135022926748, "recall": 0.93418, "f1-score": 0.9187594317929142, "support": 150000.0}}}, "baseline::KNN": {"auc": 0.7417747021047034, "ap": 0.23111930693589083, "accuracy": 0.9303133333333333, "recall": 0.1992818671454219, "f1": 0.27655893141393867, "cm": [[137549, 2425], [8028, 1998]], "report": "              precision    recall  f1-score   support\n\n           0     0.9449    0.9827    0.9634    139974\n           1     0.4517    0.1993    0.2766     10026\n\n    accuracy                         0.9303    150000\n   macro avg     0.6983    0.5910    0.6200    150000\nweighted avg     0.9119    0.9303    0.9175    150000\n", "report_dict": {"0": {"precision": 0.9448539261009637, "recall": 0.9826753539943133, "f1-score": 0.9633935794306446, "support": 139974.0}, "1": {"precision": 0.4517295952973095, "recall": 0.1992818671454219, "f1-score": 0.27655893141393867, "support": 10026.0}, "accuracy": 0.9303133333333333, "macro avg": {"precision": 0.6982917606991366, "recall": 0.5909786105698676, "f1-score": 0.6199762554222916, "support": 150000.0}, "weighted avg": {"precision": 0.9118934958300475, "recall": 0.9303133333333333, "f1-score": 0.9174855515572081, "support": 150000.0}}}, "baseline::GaussianNB": {"auc": 0.8364875824549344, "ap": 0.3532533669411454, "accuracy": 0.89168, "recall": 0.5582485537602234, "f1": 0.4079148750091101, "cm": [[128155, 11819], [4429, 5597]], "report": "              precision    recall  f1-score   support\n\n           0     0.9666    0.9156    0.9404    139974\n           1     0.3214    0.5582    0.4079     10026\n\n    accuracy                         0.8917    150000\n   macro avg     0.6440    0.7369    0.6742    150000\nweighted avg     0.9235    0.8917    0.9048    150000\n", "report_dict": {"0": {"precision": 0.9665947625656188, "recall": 0.9155628902510466, "f1-score": 0.9403870001981229, "support": 139974.0}, "1": {"precision": 0.32137115296279284, "recall": 0.5582485537602234, "f1-score": 0.4079148750091101, "support": 10026.0}, "accuracy": 0.89168, "macro avg": {"precision": 0.6439829577642058, "recall": 0.736905722005635, "f1-score": 0.6741509376036166, "support": 150000.0}, "weighted avg": {"precision": 0.923468016499766, "recall": 0.89168, "f1-score": 0.9047965633504892, "support": 150000.0}}}, "baseline::DecisionTree": {"auc": 0.60889360658701, "ap": 0.11843916345107999, "accuracy": 0.89748, "recall": 0.2744863355276282, "f1": 0.26357628579637965, "cm": [[131870, 8104], [7274, 2752]], "report": "              precision    recall  f1-score   support\n\n           0     0.9477    0.9421    0.9449    139974\n           1     0.2535    0.2745    0.2636     10026\n\n    accuracy                         0.8975    150000\n   macro avg     0.6006    0.6083    0.6042    150000\nweighted avg     0.9013    0.8975    0.8994    150000\n", "report_dict": {"0": {"precision": 0.9477232219858563, "recall": 0.9421035335133667, "f1-score": 0.9449050222486547, "support": 139974.0}, "1": {"precision": 0.25350036845983787, "recall": 0.2744863355276282, "f1-score": 0.26357628579637965, "support": 10026.0}, "accuracy": 0.89748, "macro avg": {"precision": 0.6006117952228471, "recall": 0.6082949345204974, "f1-score": 0.6042406540225171, "support": 150000.0}, "weighted avg": {"precision": 0.9013213664561774, "recall": 0.89748, "f1-score": 0.8993650095041845, "support": 150000.0}}}, "baseline::LinearSVC": {"auc": 0.8560030912212584, "ap": 0.38162394956777784, "accuracy": 0.06686, "recall": 1.0, "f1": 0.12530698712060143, "cm": [[3, 139971], [0, 10026]], "report": "              precision    recall  f1-score   support\n\n           0     1.0000    0.0000    0.0000    139974\n           1     0.0668    1.0000    0.1253     10026\n\n    accuracy                         0.0669    150000\n   macro avg     0.5334    0.5000    0.0627    150000\nweighted avg     0.9376    0.0669    0.0084    150000\n", "report_dict": {"0": {"precision": 1.0, "recall": 2.14325517596125e-05, "f1-score": 4.286418483036499e-05, "support": 139974.0}, "1": {"precision": 0.06684133682673654, "recall": 1.0, "f1-score": 0.12530698712060143, "support": 10026.0}, "accuracy": 0.06686, "macro avg": {"precision": 0.5334206684133682, "recall": 0.5000107162758798, "f1-score": 0.0626749256527159, "support": 150000.0}, "weighted avg": {"precision": 0.9376276749534991, "recall": 0.06686, "f1-score": 0.008415518161857302, "support": 150000.0}}}, "baseline::XGBoost": {"auc": 0.8609982987749931, "ap": 0.3803468022945331, "accuracy": 0.93572, "recall": 0.18471972870536604, "f1": 0.2775363404765473, "cm": [[138506, 1468], [8174, 1852]],