{"Logistic_L2": {"auc": 0.8487877701439078, "ap": 0.3623377013903979, "accuracy": 0.7879777777777778, "recall": 0.7446808510638298, "f1": 0.3195207189216176, "cm": [[33219, 8773], [768, 2240]], "report": "              precision    recall  f1-score   support\n\n           0     0.9774    0.7911    0.8744     41992\n           1     0.2034    0.7447    0.3195      3008\n\n    accuracy                         0.7880     45000\n   macro avg     0.5904    0.7679    0.5970     45000\nweighted avg     0.9257    0.7880    0.8373     45000\n", "report_dict": {"0": {"precision": 0.9774031247241592, "recall": 0.791079253191084, "f1-score": 0.8744258281893681, "support": 41992.0}, "1": {"precision": 0.2033959865613366, "recall": 0.7446808510638298, "f1-score": 0.3195207189216176, "support": 3008.0}, "accuracy": 0.7879777777777778, "macro avg": {"precision": 0.5903995556427479, "recall": 0.7678800521274569, "f1-score": 0.5969732735554929, "support": 45000.0}, "weighted avg": {"precision": 0.925665047577631, "recall": 0.7879777777777778, "f1-score": 0.8373335044409814, "support": 45000.0}}}, "Logistic_L1": {"auc": 0.8488400850731953, "ap": 0.3623554612063791, "accuracy": 0.7884666666666666, "recall": 0.745345744680851, "f1": 0.3202170963364993, "cm": [[33239, 8753], [766, 2242]], "report": "              precision    recall  f1-score   support\n\n           0     0.9775    0.7916    0.8747     41992\n           1     0.2039    0.7453    0.3202      3008\n\n    accuracy                         0.7885     45000\n   macro avg     0.5907    0.7685    0.5975     45000\nweighted avg     0.9258    0.7885    0.8377     45000\n", "report_dict": {"0": {"precision": 0.9774739008969269, "recall": 0.7915555343875024, "f1-score": 0.8747450557258839, "support": 41992.0}, "1": {"precision": 0.20391086857662574, "recall": 0.745345744680851, "f1-score": 0.3202170963364993, "support": 3008.0}, "accuracy": 0.7884666666666666, "macro avg": {"precision": 0.5906923847367763, "recall": 0.7684506395341767, "f1-score": 0.5974810760311916, "support": 45000.0}, "weighted avg": {"precision": 0.9257655097587165, "recall": 0.7884666666666666, "f1-score": 0.8376779423515891, "support": 45000.0}}}, "RandomForest": {"auc": 0.817524647868591, "ap": 0.26109475586650366, "accuracy": 0.8944444444444445, "recall": 0.43018617021276595, "f1": 0.35268465521940584, "cm": [[38956, 3036], [1714, 1294]], "report": "              precision    recall  f1-score   support\n\n           0     0.9579    0.9277    0.9425     41992\n           1     0.2988    0.4302    0.3527      3008\n\n    accuracy                         0.8944     45000\n   macro avg     0.6284    0.6789    0.6476     45000\nweighted avg     0.9138    0.8944    0.9031     45000\n", "report_dict": {"0": {"precision": 0.9578559134497172, "recall": 0.9277005143836922, "f1-score": 0.942537078706056, "support": 41992.0}, "1": {"precision": 0.29884526558891455, "recall": 0.43018617021276595, "f1-score": 0.35268465521940584, "support": 3008.0}, "accuracy": 0.8944444444444445, "macro avg": {"precision": 0.6283505895193159, "recall": 0.6789433422982291, "f1-score": 0.647610866962731, "support": 45000.0}, "weighted avg": {"precision": 0.9138047128104885, "recall": 0.8944444444444445, "f1-score": 0.9031087211538817, "support": 45000.0}}}, "KNN": {"auc": 0.7429930810339255, "ap": 0.17646550053386215, "accuracy": 0.8140444444444445, "recall": 0.5681515957446809, "f1": 0.29000509078567793, "cm": [[34923, 7069], [1299, 1709]], "report": "              precision    recall  f1-score   support\n\n           0     0.9641    0.8317    0.8930     41992\n           1     0.1947    0.5682    0.2900      3008\n\n    accuracy                         0.8140     45000\n   macro avg     0.5794    0.6999    0.5915     45000\nweighted avg     0.9127    0.8140    0.8527     45000\n", "report_dict": {"0": {"precision": 0.9641378167964221, "recall": 0.8316584111259288, "f1-score": 0.8930114813204797, "support": 41992.0}, "1": {"precision": 0.19469127363864205, "recall": 0.5681515957446809, "f1-score": 0.29000509078567793, "support": 3008.0}, "accuracy": 0.8140444444444445, "macro avg": {"precision": 0.5794145452175321, "recall": 0.6999050034353048, "f1-score": 0.5915082860530788, "support": 45000.0}, "weighted avg": {"precision": 0.912704590089342, "recall": 0.8140444444444445, "f1-score": 0.8527038541487312, "support": 45000.0}}}, "GaussianNB": {"auc": 0.8252959839044824, "ap": 0.33977993135942297, "accuracy": 0.7777111111111111, "recall": 0.7450132978723404, "f1": 0.3094235415947532, "cm": [[32756, 9236], [767, 2241]], "report": "              precision    recall  f1-score   support\n\n           0     0.9771    0.7801    0.8675     41992\n           1     0.1953    0.7450    0.3094      3008\n\n    accuracy                         0.7777     45000\n   macro avg     0.5862    0.7625    0.5885     45000\nweighted avg     0.9249    0.7777    0.8302     45000\n", "report_dict": {"0": {"precision": 0.9771201861408585, "recall": 0.7800533434939989, "f1-score": 0.8675362510759452, "support": 41992.0}, "1": {"precision": 0.19526008538816764, "recall": 0.7450132978723404, "f1-score": 0.3094235415947532, "support": 3008.0}, "accuracy": 0.7777111111111111, "macro avg": {"precision": 0.5861901357645131, "recall": 0.7625333206831697, "f1-score": 0.5884798963353493, "support": 45000.0}, "weighted avg": {"precision": 0.9248571820727676, "recall": 0.7777111111111111, "f1-score": 0.8302295170732913, "support": 45000.0}}}, "DecisionTree": {"auc": 0.6194814320635542, "ap": 0.10982055484304148, "accuracy": 0.8600222222222222, "recall": 0.3410904255319149, "f1": 0.2457190755598132, "cm": [[37675, 4317], [1982, 1026]], "report": "              precision    recall  f1-score   support\n\n           0     0.9500    0.8972    0.9229     41992\n           1     0.1920    0.3411    0.2457      3008\n\n    accuracy                         0.8600     45000\n   macro avg     0.5710    0.6191    0.5843     45000\nweighted avg     0.8994    0.8600    0.8776     45000\n", "report_dict": {"0": {"precision": 0.9500214337947903, "recall": 0.8971947037530958, "f1-score": 0.9228526987470759, "support": 41992.0}, "1": {"precision": 0.19202695115103874, "recall": 0.3410904255319149, "f1-score": 0.2457190755598132, "support": 3008.0}, "accuracy": 0.8600222222222222, "macro avg": {"precision": 0.5710241924729145, "recall": 0.6191425646425054, "f1-score": 0.5842858871534445, "support": 45000.0}, "weighted avg": {"precision": 0.8993537137105148, "recall": 0.8600222222222222, "f1-score": 0.8775900778904695, "support": 45000.0}}}, "LinearSVC": {"auc": 0.8447651495104943, "ap": 0.3558107631917655, "accuracy": 0.06702222222222222, "recall": 1.0, "f1": 0.12533333333333332, "cm": [[8, 41984], [0, 3008]], "report": "              precision    recall  f1-score   support\n\n           0     1.0000    0.0002    0.0004     41992\n           1     0.0669    1.0000    0.1253      3008\n\n    accuracy                         0.0670     45000\n   macro avg     0.5334    0.5001    0.0629     45000\nweighted avg     0.9376    0.0670    0.0087     45000\n", "report_dict": {"0": {"precision": 1.0, "recall": 0.00019051247856734617, "f1-score": 0.00038095238095238096, "support": 41992.0}, "1": {"precision": 0.06685633001422475, "recall": 1.0, "f1-score": 0.12533333333333332, "support": 3008.0}, "accuracy": 0.06702222222222222, "macro avg": {"precision": 0.5334281650071124, "recall": 0.5000952562392836, "f1-score": 0.06285714285714285, "support": 45000.0}, "weighted avg": {"precision": 0.9376245297929509, "recall": 0.06702222222222222, "f1-score": 0.008733324867724868, "support": 45000.0}}}, "XGBoost": {"auc": 0.8328125023750724, "ap": 0.30486908166278126, "accuracy": 0.9218, "recall": 0.3204787234042553, "f1": 0.35395630622360935, "cm": [[40517, 1475], [2044, 964]],