{"Logistic_L2": {"auc": 0.847353463888005, "ap": 0.3600758787675959, "accuracy": 0.7612666666666666, "recall": 0.777593085106383, "f1": 0.3033525711691849, "cm": [[31918, 10074], [669, 2339]], "report": "              precision    recall  f1-score   support\n\n           0     0.9795    0.7601    0.8560     41992\n           1     0.1884    0.7776    0.3034      3008\n\n    accuracy                         0.7613     45000\n   macro avg     0.5840    0.7688    0.5797     45000\nweighted avg     0.9266    0.7613    0.8190     45000\n", "report_dict": {"0": {"precision": 0.979470340933501, "recall": 0.7600971613640694, "f1-score": 0.855951407232599, "support": 41992.0}, "1": {"precision": 0.18843148312253283, "recall": 0.777593085106383, "f1-score": 0.3033525711691849, "support": 3008.0}, "accuracy": 0.7612666666666666, "macro avg": {"precision": 0.583950912028017, "recall": 0.7688451232352262, "f1-score": 0.579651989200892, "support": 45000.0}, "weighted avg": {"precision": 0.9265937879491591, "recall": 0.7612666666666666, "f1-score": 0.8190132450352935, "support": 45000.0}}}, "Logistic_L1": {"auc": 0.8473804684618245, "ap": 0.3600855827772474, "accuracy": 0.762, "recall": 0.7772606382978723, "f1": 0.3039126478616925, "cm": [[31952, 10040], [670, 2338]], "report": "              precision    recall  f1-score   support\n\n           0     0.9795    0.7609    0.8565     41992\n           1     0.1889    0.7773    0.3039      3008\n\n    accuracy                         0.7620     45000\n   macro avg     0.5842    0.7691    0.5802     45000\nweighted avg     0.9266    0.7620    0.8195     45000\n", "report_dict": {"0": {"precision": 0.979461712954448, "recall": 0.7609068393979805, "f1-score": 0.8564612539201758, "support": 41992.0}, "1": {"precision": 0.18888350298917433, "recall": 0.7772606382978723, "f1-score": 0.3039126478616925, "support": 3008.0}, "accuracy": 0.762, "macro avg": {"precision": 0.5841726079718111, "recall": 0.7690837388479264, "f1-score": 0.5801869508909341, "support": 45000.0}, "weighted avg": {"precision": 0.9266159517194358, "recall": 0.762, "f1-score": 0.8195264493196445, "support": 45000.0}}}, "RandomForest": {"auc": 0.8135379858321545, "ap": 0.24764748776124887, "accuracy": 0.8900666666666667, "recall": 0.4132313829787234, "f1": 0.3344544598412485, "cm": [[38810, 3182], [1765, 1243]], "report": "              precision    recall  f1-score   support\n\n           0     0.9565    0.9242    0.9401     41992\n           1     0.2809    0.4132    0.3345      3008\n\n    accuracy                         0.8901     45000\n   macro avg     0.6187    0.6687    0.6373     45000\nweighted avg     0.9113    0.8901    0.8996     45000\n", "report_dict": {"0": {"precision": 0.9565003080714726, "recall": 0.924223661649838, "f1-score": 0.940085021861034, "support": 41992.0}, "1": {"precision": 0.2809039548022599, "recall": 0.4132313829787234, "f1-score": 0.3344544598412485, "support": 3008.0}, "accuracy": 0.8900666666666667, "macro avg": {"precision": 0.6187021314368663, "recall": 0.6687275223142808, "f1-score": 0.6372697408511413, "support": 45000.0}, "weighted avg": {"precision": 0.9113404451684994, "recall": 0.8900666666666667, "f1-score": 0.8996019834042449, "support": 45000.0}}}, "KNN": {"auc": 0.7407923072289858, "ap": 0.16947536910625305, "accuracy": 0.8051111111111111, "recall": 0.574468085106383, "f1": 0.2826762637003108, "cm": [[34502, 7490], [1280, 1728]], "report": "              precision    recall  f1-score   support\n\n           0     0.9642    0.8216    0.8872     41992\n           1     0.1875    0.5745    0.2827      3008\n\n    accuracy                         0.8051     45000\n   macro avg     0.5758    0.6981    0.5850     45000\nweighted avg     0.9123    0.8051    0.8468     45000\n", "report_dict": {"0": {"precision": 0.9642278240456095, "recall": 0.8216326919413222, "f1-score": 0.8872373801013193, "support": 41992.0}, "1": {"precision": 0.18745931872423519, "recall": 0.574468085106383, "f1-score": 0.2826762637003108, "support": 3008.0}, "accuracy": 0.8051111111111111, "macro avg": {"precision": 0.5758435713849224, "recall": 0.6980503885238526, "f1-score": 0.584956821900815, "support": 45000.0}, "weighted avg": {"precision": 0.9123051648454606, "recall": 0.8051111111111111, "f1-score": 0.8468258281427807, "support": 45000.0}}}, "GaussianNB": {"auc": 0.8279742383174302, "ap": 0.34221575584173175, "accuracy": 0.7551333333333333, "recall": 0.7759308510638298, "f1": 0.29757123733027346, "cm": [[31647, 10345], [674, 2334]], "report": "              precision    recall  f1-score   support\n\n           0     0.9791    0.7536    0.8517     41992\n           1     0.1841    0.7759    0.2976      3008\n\n    accuracy                         0.7551     45000\n   macro avg     0.5816    0.7648    0.5746     45000\nweighted avg     0.9260    0.7551    0.8147     45000\n", "report_dict": {"0": {"precision": 0.9791466848179202, "recall": 0.7536435511526005, "f1-score": 0.8517217714262646, "support": 41992.0}, "1": {"precision": 0.18408391829008597, "recall": 0.7759308510638298, "f1-score": 0.29757123733027346, "support": 3008.0}, "accuracy": 0.7551333333333333, "macro avg": {"precision": 0.5816153015540031, "recall": 0.7647872011082151, "f1-score": 0.574646504378269, "support": 45000.0}, "weighted avg": {"precision": 0.926001155890904, "recall": 0.7551333333333333, "f1-score": 0.8146798868360258, "support": 45000.0}}}, "DecisionTree": {"auc": 0.6116183944801543, "ap": 0.10595977687121008, "accuracy": 0.8609555555555556, "recall": 0.3234707446808511, "f1": 0.2372302816042911, "cm": [[37770, 4222], [2035, 973]], "report": "              precision    recall  f1-score   support\n\n           0     0.9489    0.8995    0.9235     41992\n           1     0.1873    0.3235    0.2372      3008\n\n    accuracy                         0.8610     45000\n   macro avg     0.5681    0.6115    0.5804     45000\nweighted avg     0.8980    0.8610    0.8776     45000\n", "report_dict": {"0": {"precision": 0.9488757693757066, "recall": 0.899457039436083, "f1-score": 0.923505752044696, "support": 41992.0}, "1": {"precision": 0.18729547641963426, "recall": 0.3234707446808511, "f1-score": 0.2372302816042911, "support": 3008.0}, "accuracy": 0.8609555555555556, "macro avg": {"precision": 0.5680856228976704, "recall": 0.6114638920584671, "f1-score": 0.5803680168244936, "support": 45000.0}, "weighted avg": {"precision": 0.8979683577932207, "recall": 0.8609555555555556, "f1-score": 0.8776320494872573, "support": 45000.0}}}, "LinearSVC": {"auc": 0.8428267182920861, "ap": 0.3526791873064831, "accuracy": 0.06697777777777777, "recall": 1.0, "f1": 0.12532811132869465, "cm": [[6, 41986], [0, 3008]], "report": "              precision    recall  f1-score   support\n\n           0     1.0000    0.0001    0.0003     41992\n           1     0.0669    1.0000    0.1253      3008\n\n    accuracy                         0.0670     45000\n   macro avg     0.5334    0.5001    0.0628     45000\nweighted avg     0.9376    0.0670    0.0086     45000\n", "report_dict": {"0": {"precision": 1.0, "recall": 0.00014288435892550962, "f1-score": 0.0002857278918043716, "support": 41992.0}, "1": {"precision": 0.06685335822554118, "recall": 1.0, "f1-score": 0.12532811132869465, "support": 3008.0}, "accuracy": 0.06697777777777777, "macro avg": {"precision": 0.5334266791127706, "recall": 0.5000714421794628, "f1-score": 0.0628069196102495, "support": 45000.0}, "weighted avg": {"precision": 0.9376243311453872, "recall": 0.06697777777777777, "f1-score": 0.008644116544652504, "support": 45000.0}}}, "XGBoost": {"auc": 0.8305117973965659, "ap": 0.29259059799078324, "accuracy": 0.9207555555555555, "recall": 0.3148271276595745, "f1": 0.3468864468864469, "cm": [[40487, 1505], [2061, 947]],